{
  "site": {
    "precision": 0.3684210526315789,
    "recall": 0.875,
    "f1-score": 0.5185185185185185,
    "support": 8,
    "confused_with": {}
  },
  "micro avg": {
    "precision": 0.3684210526315789,
    "recall": 0.875,
    "f1-score": 0.5185185185185185,
    "support": 8
  },
  "macro avg": {
    "precision": 0.3684210526315789,
    "recall": 0.875,
    "f1-score": 0.5185185185185185,
    "support": 8
  },
  "weighted avg": {
    "precision": 0.3684210526315789,
    "recall": 0.875,
    "f1-score": 0.5185185185185185,
    "support": 8
  },
  "accuracy": 0.996401882092444
}