{
  "site": {
    "precision": 0.1016949152542373,
    "recall": 0.6,
    "f1-score": 0.17391304347826086,
    "support": 10,
    "confused_with": {}
  },
  "micro avg": {
    "precision": 0.1016949152542373,
    "recall": 0.6,
    "f1-score": 0.17391304347826086,
    "support": 10
  },
  "macro avg": {
    "precision": 0.1016949152542373,
    "recall": 0.6,
    "f1-score": 0.17391304347826086,
    "support": 10
  },
  "weighted avg": {
    "precision": 0.10169491525423728,
    "recall": 0.6,
    "f1-score": 0.17391304347826086,
    "support": 10
  },
  "accuracy": 0.9869445716903344
}